{"type": "block", "layer": 2, "block": 162, "features": [{"geom": {"polygons": [[[[-8.021503209440345, 10.678507933244726], [-8.048363024569372, 10.609986107082385], [-8.050118116373078, 10.605507167999221], [-8.275285345079764, 10.693768940591184], [-8.273530253276062, 10.698247879674346], [-8.246670438147035, 10.766769705836687], [-8.021503209440345, 10.678507933244726]]]], "centroids": [[-8.148394522935886, 10.686138533218749, 0.0]], "h": 0.9999831326033781}, "mtl": {"face": 0}}, {"geom": {"polygons": [[[[-22.05132742130714, 7.918820855304749], [-22.001994138740617, 7.93276899859384], [-21.96175693061314, 7.9441439285539275], [-21.887487524122562, 7.9651400785509034], [-21.885315079739676, 7.957790804193181], [-21.872113195921592, 7.961692083143821], [-21.788540420677034, 7.723631148173537], [-21.764143261971807, 7.654135038762373], [-21.77531780739608, 7.650948234148178], [-21.854737786562765, 7.62829787558704], [-21.936659117129704, 7.604935806513237], [-22.10931455044083, 7.555696497344381], [-22.336896066929217, 7.490792647933652], [-22.39914240321617, 7.473039962978125], [-22.41042197777256, 7.479010039185565], [-22.51438974953216, 7.53404391538149], [-22.554005074714823, 7.555012426073702], [-22.556433182054747, 7.565422746513393], [-22.662407562745283, 7.540706354581994], [-22.677946344454934, 7.607323836996213], [-22.571971963764398, 7.63204161087088], [-22.602513325914163, 7.76298942839312], [-22.389391278754477, 7.822621092425327], [-22.345382696101172, 7.834934374669864], [-22.366349824912884, 7.909868504911509], [-22.36159725729635, 7.926891513840793], [-22.246215860662982, 7.960861523940805], [-22.18522710982388, 7.9788173573186905], [-22.168293928399684, 7.96805325463172], [-22.166578913452934, 7.9619228708081735], [-22.14695505182712, 7.8917869129386276], [-22.093409548806175, 7.906923543696127], [-22.05132742130714, 7.918820855304749]]]], "centroids": [[-22.19920524427061, 7.721330596872927, 0.0]], "h": 0.9999831326033781}, "mtl": {"face": 0}}, {"geom": {"polygons": [[[[-21.05289712649119, 0.14483221509184457], [-21.145756686982196, 0.08100215022620871], [-21.201476016329302, 0.15051484314491234], [-21.11057193224059, 0.21839958479817864], [-21.05289712649119, 0.14483221509184457]]]], "centroids": [[-21.12734427000881, 0.14900618940596685, 0.0]], "h": 0.9999831326033781}, "mtl": {"face": 0}}, {"geom": {"polygons": [[[[-21.540246056453473, -2.86019597413392], [-21.540045671917646, -2.860433671640153], [-21.4763220181274, -2.8108060311401495], [-21.37206541633293, -2.9370081908877355], [-21.319122448799956, -3.0010759531968363], [-21.315333108760548, -2.9977965571910117], [-21.28568173025313, -2.9721376670825914], [-21.113612248859674, -3.1772360424050636], [-21.14293748429904, -3.2029640305556955], [-21.089466607281686, -3.266825880555899], [-20.66503841114862, -3.773783470516952], [-20.49551312196167, -3.976269937471209], [-20.445472274775057, -4.036053617334365], [-20.447943222984012, -4.03824540923686], [-20.5076495130198, -4.091180084984684], [-20.506748473705766, -4.0922096467174915], [-20.477911070831063, -4.125176352320645], [-20.68243454990756, -4.2952627181325775], [-20.683791636651687, -4.2964042187766225], [-20.71095133755005, -4.262446646417111], [-20.711681013513523, -4.261534551431383], [-20.77361779036549, -4.313266920215336], [-20.830086143195675, -4.360429140342234], [-20.803900725546143, -4.393433158915802], [-20.80191070012274, -4.395942802038433], [-21.00616193267189, -4.56674087830027], [-21.032021207253372, -4.5337672629179995], [-21.09684766677397, -4.584776865517593], [-21.148063181682463, -4.523732836194509], [-21.31800167755602, -4.321180035084581], [-21.745846083961602, -3.8112222054241527], [-21.796620753004266, -3.7507047037049475], [-21.82917701580735, -3.778219568856622], [-21.999132095251205, -3.5743939806090372], [-21.99889577975101, -3.574196360085287], [-21.96868608850514, -3.5489147456363286], [-21.96925545685251, -3.5482417301001083], [-22.024228526728606, -3.483325443011649], [-22.076094945829944, -3.422100376735116], [-22.131347172012493, -3.3558187111173714], [-22.132744335676346, -3.354141009141027], [-22.135060504167804, -3.3513605013715577], [-22.068852082547615, -3.2997193421614965], [-22.182283530614534, -3.162997687012294], [-21.91234764009976, -2.9614551001783322], [-21.631488721287962, -2.751754791127005], [-21.540246056453473, -2.86019597413392]]]], "centroids": [[-21.3248029573561, -3.6529630865799847, 0.0]], "h": 0.9999831326033781}, "mtl": {"face": 0}}, {"geom": {"polygons": [[[[-26.879087595180202, 10.509958309312635], [-26.92982080535987, 10.426704767294249], [-26.572788136246604, 10.209139712015785], [-26.731053198396772, 9.949422049190032], [-26.962115877370074, 10.090224638362818], [-27.088085867447276, 10.166987104468495], [-27.027296119200727, 10.266745419660204], [-27.106873642034223, 10.315238469295283], [-27.056228877416366, 10.398346905261826], [-27.050714848701784, 10.407395993002037], [-27.0429717151143, 10.420103134413573], [-26.958935982597765, 10.558007749069812], [-26.958858592707635, 10.558133507664808], [-26.95866373607042, 10.558451358947714], [-26.879087595180202, 10.509958309312635]]]], "centroids": [[-26.858505214272377, 10.226836356313033, 0.0]], "h": 0.9999831326033781}, "mtl": {"face": 0}}, {"geom": {"polygons": [[[[-29.734295892564777, 7.629158837981358], [-30.04130015216916, 7.101659763510158], [-30.44572721095419, 7.3370341641714], [-30.458131702647083, 7.39872909762456], [-30.433415310715684, 7.44119679256821], [-30.197945554713503, 7.8457883048619195], [-30.1806309516745, 7.851235999420819], [-30.138595810937062, 7.864459994645048], [-29.734295892564777, 7.629158837981358]]]], "centroids": [[-30.106735849401733, 7.492850108964652, 0.0]], "h": 0.9999831326033781}, "mtl": {"face": 0}}, {"geom": {"polygons": [[[[-33.070006879745605, 5.034892621792566], [-33.03144322770189, 5.015704078196744], [-33.02286538901881, 5.0329426732888844], [-33.00182778022162, 5.022474310478673], [-32.9750674663261, 5.0762561289998205], [-32.49108223216442, 4.8354367977289785], [-32.499042333732504, 4.819439204577161], [-32.34186763976051, 4.741232588108796], [-32.424075036413015, 4.576016256723254], [-32.37435204057208, 4.551274989499168], [-32.57400410321615, 4.150029207366963], [-32.60575330022839, 4.165826415982955], [-32.66958060114472, 4.037549931142719], [-32.697568097359564, 4.0514759630884285], [-32.722466908250446, 4.001435115964582], [-33.3577493517566, 4.31753683188851], [-33.332148504081474, 4.368987280416701], [-33.35224776065699, 4.3789885400623545], [-33.34162738201583, 4.400334326414033], [-33.37930796032184, 4.4190834060872985], [-33.401974902453276, 4.373527025882455], [-33.71077433078108, 4.5271777165632745], [-33.48635336160817, 5.298312561039171], [-33.04757072527852, 5.079984662719397], [-33.070006879745605, 5.034892621792566]]]], "centroids": [[-33.03558555576996, 4.638028455533077, 0.0]], "h": 0.9999831326033781}, "mtl": {"face": 0}}, {"geom": {"polygons": [[[[-35.144334736091196, 3.7870596291868543], [-35.368498660301036, 3.4391907507371036], [-35.369322309662174, 3.439659235844925], [-36.15352775158808, 3.8859597459335515], [-36.0556945095446, 4.292696063430922], [-36.04718715097253, 4.287599387232756], [-35.72967445170099, 4.097383361654013], [-35.72217454345558, 4.109022246356288], [-35.69922982689819, 4.144628499506884], [-35.15672540810033, 3.7950446061103817], [-35.144334736091196, 3.7870596291868543]]]], "centroids": [[-35.67038263542294, 3.8584787775458937, 0.0]], "h": 0.9999831326033781},